[{
  "id":1,
  "images":"https://img.freepik.com/free-photo/portrait-white-man-isolated_53876-40306.jpg",
  "background":"https://images.unsplash.com/photo-1679678691006-0ad24fecb769?ixlib=rb-4.0.3&ixid=MnwxMjA3fDF8MHxwaG90by1wYWdlfHx8fGVufDB8fHx8&auto=format&fit=crop&w=735&q=80",
  "latest" : "audantium enim quasi est quidem magnam voluptate ipsam eos\ntempora quo necessitatibus\ndolor quam "
  },
  {
    "id":2,
    "images":"https://thumbs.dreamstime.com/b/portrait-smiling-young-friendly-african-american-woman-happy-person-portrait-smiling-young-friendly-african-american-woman-210115489.jpg",
    "background":"https://images.unsplash.com/photo-1679679008578-e3b6406bdb47?ixlib=rb-4.0.3&ixid=MnwxMjA3fDF8MHxwaG90by1wYWdlfHx8fGVufDB8fHx8&auto=format&fit=crop&w=735&q=80",
    "latest" : "st natus enim nihil est dolore omnis voluptatem numquam\net omnis occaecati quod ullam at\nvoluptatem "
  },
  {
    "id":3,
    "images":"https://images.unsplash.com/photo-1506794778202-cad84cf45f1d?ixlib=rb-4.0.3&ixid=MnwxMjA3fDB8MHxzZWFyY2h8Mnx8bWFuJTIwcG9ydHJhaXR8ZW58MHx8MHx8&w=1000&q=80",
    "background":"https://images.unsplash.com/photo-1679939652424-adc25dd36887?ixlib=rb-4.0.3&ixid=MnwxMjA3fDB8MHxwaG90by1wYWdlfHx8fGVufDB8fHx8&auto=format&fit=crop&w=1287&q=80",
    "latest" : "audantium enim quasi est quidem "
  },
  {
    "id":4,
    "images":"https://cdn.xxl.thumbs.canstockphoto.com/autumn-outdoor-portrait-of-beautiful-african-american-young-woman-black-people-stock-photo_csp16688023.jpg",
    "background":"https://images.unsplash.com/photo-1679939099437-5577669eebab?ixlib=rb-4.0.3&ixid=MnwxMjA3fDB8MHxwaG90by1wYWdlfHx8fGVufDB8fHx8&auto=format&fit=crop&w=1374&q=80",
    "latest" : "quia molestiae reprehenderit quasi aspernatur\naut expedita o"
  },
  {
    "id":5,
    "images":"https://expertphotography.b-cdn.net/wp-content/uploads/2020/05/photo-of-woman-wearing-yellow.jpg",
    "background":"https://images.unsplash.com/photo-1679926596467-582e7270902c?ixlib=rb-4.0.3&ixid=MnwxMjA3fDB8MHxwaG90by1wYWdlfHx8fGVufDB8fHx8&auto=format&fit=crop&w=1170&q=80",
    "latest" : "audantium enim quasi est quidem magnam voluptate ipsam eos\ntempora quo necessitatibus"
  },
  {
    "id":6,
    "images":"https://media.istockphoto.com/id/685132245/photo/mature-businessman-smiling-over-white-background.jpg?s=612x612&w=0&k=20&c=OJk6U-oCZ31F3TGmarAAg2jVli8ZWTagAcF4P-kNIqA=",
    "background":"https://images.unsplash.com/photo-1679954570743-fadc1f2953f4?ixlib=rb-4.0.3&ixid=MnwxMjA3fDB8MHxwaG90by1wYWdlfHx8fGVufDB8fHx8&auto=format&fit=crop&w=774&q=80",
    "latest" : "cusantium unde odit nobis qui voluptatem\nqui"
  },
  {
    "id":7,
    "images":"https://images.iphonephotographyschool.com/24755/portrait-photography.jpg",
    "background":"https://images.unsplash.com/photo-1680001660273-2a78887352a2?ixlib=rb-4.0.3&ixid=MnwxMjA3fDB8MHxwaG90by1wYWdlfHx8fGVufDB8fHx8&auto=format&fit=crop&w=1248&q=80",
    "latest" : "bus at sed quis culpa deserunt"
  },
  {
    "id":8,
    "images":"https://encrypted-tbn0.gstatic.com/images?q=tbn:ANd9GcRmA5oMaf8ulChsPTllSw5sThyWehLoAXDE5g&usqp=CAU",
    "background":"https://plus.unsplash.com/premium_photo-1665160824813-03c67c5c68d7?ixlib=rb-4.0.3&ixid=MnwxMjA3fDB8MHxwaG90by1wYWdlfHx8fGVufDB8fHx8&auto=format&fit=crop&w=1171&q=80",
    "latest" : " sed dolores similique labore et inventore et\nquasi temliquam\naliquid ratione corporis molestiae mollitia quia et magapiente accusantium"
  },
  {
    "id":9,
    "images":"https://thumbs.dreamstime.com/b/happy-person-portrait-smiling-woman-tanned-skin-curly-hair-happy-person-portrait-smiling-young-friendly-woman-197501184.jpg",
    "background":"https://images.unsplash.com/photo-1679991811892-2f5714f5c9a9?ixlib=rb-4.0.3&ixid=MnwxMjA3fDB8MHxwaG90by1wYWdlfHx8fGVufDB8fHx8&auto=format&fit=crop&w=687&q=80",
    "latest" : "nobis reprehendeuia necessitatibus\nnostrum quaerat nulla et accusamus "
  },
  {
    "id":10,
    "images":"https://photographypro.com/wp-content/uploads/2017/08/portrait-photography-focal-length-50mm-1.jpg",
    "background":"https://images.unsplash.com/photo-1680003210401-08fa173ee905?ixlib=rb-4.0.3&ixid=MnwxMjA3fDB8MHxwaG90by1wYWdlfHx8fGVufDB8fHx8&auto=format&fit=crop&w=1170&q=80",
    "latest" : " id quia aut est\nfuga ecabo quis consectetur\naut occaecati rditii"
  }
]